﻿pos_x,pos_y,rotation,side,designator,mpn,pack,value,mount_type,place
101.5,-89.5,180.0,bottom,D2,XZVG45WT-9,LED_Osram_Lx_P47F_D2mm_ReverseMount_Proper_Mask Only,LED,smt,True
116.714,-89.5,180.0,bottom,D3,XZVG45WT-9,LED_Osram_Lx_P47F_D2mm_ReverseMount_Proper_Mask Only,LED,smt,True
102.489,-83.312,180.0,bottom,R1,RMCF0805FT90R9,R_0805_2012Metric_Pad1.20x1.40mm_HandSolder,90.9,smt,True
113.411,-83.439,0.0,bottom,R2,RMCF0805FT90R9,R_0805_2012Metric_Pad1.20x1.40mm_HandSolder,90.9,smt,True
118.6815,-137.7823,0.0,top,X1,CH87062V200,Badgelife-SAOv169-SAO_Side_B.SLK,Badgelife_sao_connector_v169bis,tht,True
